Designator,Val,Package,Mid X,Mid Y,Rotation,Layer
BT1,CR1220,S8411-45R_1,157.275,-84.9,-90.0,top
C1,22nF,C_0603_1608Metric,120.475,-93.1,0.0,top
C10,1uF,C_0603_1608Metric,134.95,-75.1,0.0,top
C11,22nF,C_0603_1608Metric,127.3,-91.4,0.0,top
C12,100pF,C_0603_1608Metric,87.39,-94.465,90.0,top
C13,1nF,C_1206_3216Metric,107.05,-94.305,90.0,top
C14,1uF,C_1206_3216Metric,109.35,-94.305,90.0,top
C15,330pF,C_0603_1608Metric,115.8125,-96.9,0.0,top
C16,22nF,C_0603_1608Metric,124.2,-83.2,90.0,top
C17,10nF,C_0603_1608Metric,141.0,-85.775,-90.0,top
C18,10uF,C_0603_1608Metric,146.0,-92.05,-90.0,top
C19,0.1uF,C_0603_1608Metric,130.95,-101.175,-90.0,top
C2,1uF,C_0603_1608Metric,91.345,-85.69,0.0,top
C20,0.1uF,C_0603_1608Metric,142.951992,-102.301992,-45.0,top
C21,0.1uF,C_0603_1608Metric,144.45,-92.05,-90.0,top
C22,0.1uF,C_0603_1608Metric,130.85,-89.625,90.0,top
C23,0.1uF,C_0603_1608Metric,131.325,-87.3,180.0,top
C24,10nF,C_0603_1608Metric,133.625,-83.05,0.0,top
C25,1uF,C_0603_1608Metric,133.625,-84.55,0.0,top
C26,0.1uF,C_0603_1608Metric,143.75,-88.1,90.0,top
C27,10nF,C_0603_1608Metric,137.625,-106.85,180.0,top
C28,47uF,CP_EIA-7343-43_Kemet-X,139.8,-114.0,0.0,top
C29,100uF,CP_EIA-7343-31_Kemet-D,127.65,-102.0,90.0,top
C3,1nF,C_0603_1608Metric,91.345,-87.15,0.0,top
C30,0.1uF,C_0603_1608Metric,116.95,-101.2,-90.0,top
C31,10uF,C_0603_1608Metric,115.45,-101.2,-90.0,top
C32,0.1uF,C_0603_1608Metric,126.6,-108.45,0.0,top
C33,10uF,C_0603_1608Metric,126.6,-109.95,0.0,top
C34,0.1uF,C_0603_1608Metric,143.35,-80.375,90.0,top
C35,4.7uF,C_0603_1608Metric,128.6,-96.55,0.0,top
C36,0.1uF,C_0603_1608Metric,145.051992,-104.401992,-45.0,top
C4,0.1uF,C_0603_1608Metric,91.34,-91.64,0.0,top
C5,330pF,C_0603_1608Metric,113.95,-90.825,-90.0,top
C6,0.1uF,C_0603_1608Metric,107.5,-88.1,-90.0,top
C7,1nF,C_0603_1608Metric,91.34,-93.1,0.0,top
C8,0.1uF,C_0603_1608Metric,91.34,-89.84,0.0,top
C9,0.33uF,C_0805_2012Metric,131.4,-81.05,0.0,top
D1,BAT54C,SOT-23,146.5625,-88.85,180.0,top
D2,SS15,D_SMA,139.6,-109.4,0.0,top
D3,LED,LED_0603_1608Metric,145.3,-83.75,90.0,top
IC1,AMC3311QDWER,SOIC127P1030X265-16N,99.85,-91.745,0.0,top
IC2,L78L05ABUTR,L78L05ABUTR,130.2,-76.6,-90.0,top
IC3,NCP51460SN33T1G,SOT96P237X111-3N,130.05,-83.945,180.0,top
IC4,LM2675MX-5.0_NOPB,SOIC127P600X175-8N,133.15,-107.45,-90.0,top
J1,39291028,39-29-102Y,88.65,-109.9625,0.0,top
J3,UART/SWD,PinHeader_2x04_P2.54mm_Vertical,152.98,-113.63,90.0,top
J4,Micro_SD_Card,TF115BCP9,157.45,-100.9,90.0,top
L1,100uH,SMMS0650-101M,129.45,-115.05,0.0,top
R1,2k,R_0603_1608Metric,114.945,-85.7,180.0,top
R10,1M,R_1206_3216Metric,82.9,-103.5625,90.0,top
R11,560k,R_1206_3216Metric,82.9,-98.9875,90.0,top
R12,430k,R_1206_3216Metric,82.9,-94.375,90.0,top
R13,3.3k,R_0603_1608Metric,115.8125,-98.4,0.0,top
R14,10k,R_0603_1608Metric,85.9,-94.465,-90.0,top
R15,68k,R_0603_1608Metric,128.05,-80.85,180.0,top
R16,22k,R_0603_1608Metric,127.2,-83.2,-90.0,top
R17,10k,R_0603_1608Metric,125.7,-83.2,90.0,top
R19,22,R_0603_1608Metric,137.7,-103.775,-90.0,top
R2,3.9k,R_0603_1608Metric,114.945,-87.2,0.0,top
R20,22,R_0603_1608Metric,139.2,-103.775,90.0,top
R21,1k,R_0603_1608Metric,145.3,-80.75,90.0,top
R22,4.7k,R_0603_1608Metric,134.1,-102.9,0.0,top
R23,10k,R_0603_1608Metric,148.525,-106.85,0.0,top
R24,10k,R_0603_1608Metric,148.5,-105.35,0.0,top
R25,10k,R_0603_1608Metric,148.55,-102.75,0.0,top
R26,10k,R_0603_1608Metric,149.25,-100.0,-90.0,top
R27,10k,R_0603_1608Metric,145.25,-95.65,0.0,top
R28,10k,R_0603_1608Metric,149.2,-94.45,-90.0,top
R29,10k,R_0603_1608Metric,147.5,-93.65,90.0,top
R3,10k,R_0603_1608Metric,124.2,-79.1,-90.0,top
R4,3.3k,R_0603_1608Metric,115.45,-90.825,-90.0,top
R5,3.3k,R_0603_1608Metric,112.15,-93.56,0.0,top
R6,20k,R_0603_1608Metric,127.3,-88.4,180.0,top
R7,3.3k,R_0603_1608Metric,112.15,-95.02,180.0,top
R8,20k,R_0603_1608Metric,127.3,-89.9,0.0,top
R9,1M,R_1206_3216Metric,84.165856,-108.365856,135.0,top
SW1,RESET,SW_SPST_PTS810,139.55,-80.35,180.0,top
U1,LM324DR,SOIC-14_3.9x8.7mm_P1.27mm,121.09,-88.575,-90.0,top
U3,TLV9001IDBVR,SOT-23-5,115.825,-94.29,0.0,top
U4,STM32F401RCTx,LQFP-64_10x10mm_P0.5mm,137.0,-95.45,-90.0,top
U5,AMS1117-3.3,AMS1117-3.3,121.5,-100.05,90.0,top
X1,DSC1001CI2-025.0000,DSC1001CI20250000,137.775,-86.1,0.0,top
